{"cameraMode":{"drawMode":0,"name":"Shaded","section":"Shading Mode"},"sceneLighting":true,"audioPlay":false,"sceneViewState":{"m_AlwaysRefresh":false,"showFog":true,"showSkybox":true,"showFlares":true,"showImageEffects":true,"showParticleSystems":true,"showVisualEffectGraphs":true,"m_FxEnabled":true},"in2DMode":false,"pivot":{"x":4.467834949493408,"y":15.996868133544922,"z":-3.155999183654785},"rotation":{"x":0.44832202792167666,"y":0.19811002910137177,"z":-0.10260988771915436,"w":0.8655820488929749},"size":9.184135437011719,"orthographic":false}